Datetime,Water Level (m)
2025-06-11 00:00:00,-1.1176702
2025-06-11 01:00:00,-1.3794082
2025-06-11 02:00:00,-0.973266
2025-06-11 03:00:00,0.931262
2025-06-11 04:00:00,1.8245229
2025-06-11 05:00:00,2.209269
2025-06-11 06:00:00,2.1107647
2025-06-11 07:00:00,1.5513965
2025-06-11 08:00:00,0.8617101
2025-06-11 09:00:00,0.23708418
2025-06-11 10:00:00,-0.29532522
2025-06-11 11:00:00,-0.66554743
2025-06-11 12:00:00,-0.9708179
2025-06-11 13:00:00,-1.178854
2025-06-11 14:00:00,-0.9669585
2025-06-11 15:00:00,0.4136821
2025-06-11 16:00:00,1.2496364
2025-06-11 17:00:00,1.739875
2025-06-11 18:00:00,1.8093997
2025-06-11 19:00:00,1.3448828
2025-06-11 20:00:00,0.6505794
2025-06-11 21:00:00,0.02922231
2025-06-11 22:00:00,-0.4577297
2025-06-11 23:00:00,-0.80926245
2025-06-12 00:00:00,-1.1039709
2025-06-12 01:00:00,-1.2951492
2025-06-12 02:00:00,-1.0785432
2025-06-12 03:00:00,0.4183887
2025-06-12 04:00:00,1.3629332
2025-06-12 05:00:00,2.0423317
2025-06-12 06:00:00,2.329165
2025-06-12 07:00:00,2.0855248
2025-06-12 08:00:00,1.4372245
2025-06-12 09:00:00,0.6886672
2025-06-12 10:00:00,0.045318693
2025-06-12 11:00:00,-0.43325508
2025-06-12 12:00:00,-0.7714069
2025-06-12 13:00:00,-1.0375345
2025-06-12 14:00:00,-1.1704369
2025-06-12 15:00:00,-0.39278018
2025-06-12 16:00:00,0.83430564
2025-06-12 17:00:00,1.5205115
2025-06-12 18:00:00,1.8996552
2025-06-12 19:00:00,1.7773019
2025-06-12 20:00:00,1.1694988
2025-06-12 21:00:00,0.48682237
2025-06-12 22:00:00,-0.119698666
2025-06-12 23:00:00,-0.5580723
2025-06-13 00:00:00,-0.89185745
2025-06-13 01:00:00,-1.1624492
2025-06-13 02:00:00,-1.2953948
2025-06-13 03:00:00,-0.39483693
2025-06-13 04:00:00,0.9275812
2025-06-13 05:00:00,1.7536016
2025-06-13 06:00:00,2.3084483
2025-06-13 07:00:00,2.3412712
2025-06-13 08:00:00,1.8680087
2025-06-13 09:00:00,1.1199481
2025-06-13 10:00:00,0.39079008
2025-06-13 11:00:00,-0.19647506
2025-06-13 12:00:00,-0.6050383
2025-06-13 13:00:00,-0.91206294
2025-06-13 14:00:00,-1.1309857
2025-06-13 15:00:00,-1.0121574
2025-06-13 16:00:00,0.3281526
2025-06-13 17:00:00,1.1783241
2025-06-13 18:00:00,1.7355489
2025-06-13 19:00:00,1.9337763
2025-06-13 20:00:00,1.6427637
2025-06-13 21:00:00,0.9952761
2025-06-13 22:00:00,0.31799814
2025-06-13 23:00:00,-0.2437235
2025-06-14 00:00:00,-0.63380337
2025-06-14 01:00:00,-0.95799184
2025-06-14 02:00:00,-1.1955832
2025-06-14 03:00:00,-1.2248453
2025-06-14 04:00:00,0.15102042
2025-06-14 05:00:00,1.2278731
2025-06-14 06:00:00,1.9459147
2025-06-14 07:00:00,2.3372757
2025-06-14 08:00:00,2.2153792
2025-06-14 09:00:00,1.6489275
2025-06-14 10:00:00,0.8990808
2025-06-14 11:00:00,0.2118711
2025-06-14 12:00:00,-0.309791
2025-06-14 13:00:00,-0.66394585
2025-06-14 14:00:00,-0.95028335
2025-06-14 15:00:00,-1.0960084
2025-06-14 16:00:00,-0.51642275
2025-06-14 17:00:00,0.76560277
2025-06-14 18:00:00,1.4377879
2025-06-14 19:00:00,1.9027382
2025-06-14 20:00:00,1.9394547
2025-06-14 21:00:00,1.477551
2025-06-14 22:00:00,0.77888125
2025-06-14 23:00:00,0.11535795
2025-06-15 00:00:00,-0.40212256
2025-06-15 01:00:00,-0.7589012
2025-06-15 02:00:00,-1.0488862
2025-06-15 03:00:00,-1.2263218
2025-06-15 04:00:00,-0.7584597
2025-06-15 05:00:00,0.7012172
2025-06-15 06:00:00,1.5326031
2025-06-15 07:00:00,2.1265793
2025-06-15 08:00:00,2.3243473
2025-06-15 09:00:00,2.027375
2025-06-15 10:00:00,1.3769838
2025-06-15 11:00:00,0.61123353
2025-06-15 12:00:00,-0.016240384
2025-06-15 13:00:00,-0.48087397
2025-06-15 14:00:00,-0.810662
2025-06-15 15:00:00,-1.0654323
2025-06-15 16:00:00,-1.1171435
2025-06-15 17:00:00,-0.08716248
2025-06-15 18:00:00,0.9955272
2025-06-15 19:00:00,1.5784394
2025-06-15 20:00:00,1.9207606
2025-06-15 21:00:00,1.783007
2025-06-15 22:00:00,1.2010386
2025-06-15 23:00:00,0.53031456
2025-06-16 00:00:00,-0.08283261
2025-06-16 01:00:00,-0.51997966
2025-06-16 02:00:00,-0.8456589
2025-06-16 03:00:00,-1.1061223
2025-06-16 04:00:00,-1.2021207
2025-06-16 05:00:00,-0.24040228
2025-06-16 06:00:00,0.937936
2025-06-16 07:00:00,1.7340612
2025-06-16 08:00:00,2.2730484
2025-06-16 09:00:00,2.33517
2025-06-16 10:00:00,1.865932
2025-06-16 11:00:00,1.0951737
2025-06-16 12:00:00,0.3863867
2025-06-16 13:00:00,-0.18280353
2025-06-16 14:00:00,-0.58699244
2025-06-16 15:00:00,-0.8780784
2025-06-16 16:00:00,-1.0681565
2025-06-16 17:00:00,-0.8590991
2025-06-16 18:00:00,0.3015358
2025-06-16 19:00:00,1.141359
2025-06-16 20:00:00,1.7262592
2025-06-16 21:00:00,2.003469
2025-06-16 22:00:00,1.8194659
2025-06-16 23:00:00,1.2855412
2025-06-17 00:00:00,0.5846649
